Date,Incident Reports,Season,EST,Max TemperatureF,Min TemperatureF
1/1/2010,9,Winter,1/1/2010,40,33
1/2/2010,12,Winter,1/2/2010,34,17
1/3/2010,3,Winter,1/3/2010,22,17
1/4/2010,24,Winter,1/4/2010,30,19
1/5/2010,14,Winter,1/5/2010,30,20
1/6/2010,21,Winter,1/6/2010,34,26
1/7/2010,15,Winter,1/7/2010,37,30
1/8/2010,13,Winter,1/8/2010,33,23
1/9/2010,10,Winter,1/9/2010,30,18
1/10/2010,7,Winter,1/10/2010,28,14
1/11/2010,25,Winter,1/11/2010,31,21
1/12/2010,16,Winter,1/12/2010,35,24
1/13/2010,24,Winter,1/13/2010,35,24
1/14/2010,15,Winter,1/14/2010,42,30
1/15/2010,19,Winter,1/15/2010,50,35
1/16/2010,13,Winter,1/16/2010,49,38
1/17/2010,9,Winter,1/17/2010,46,35
1/18/2010,15,Winter,1/18/2010,50,37
1/19/2010,35,Winter,1/19/2010,48,40
1/20/2010,12,Winter,1/20/2010,41,34
1/21/2010,32,Winter,1/21/2010,41,31
1/22/2010,20,Winter,1/22/2010,44,32
1/23/2010,9,Winter,1/23/2010,40,28
1/24/2010,12,Winter,1/24/2010,50,32
1/25/2010,22,Winter,1/25/2010,57,49
1/26/2010,40,Winter,1/26/2010,49,35
1/27/2010,22,Winter,1/27/2010,39,31
1/28/2010,20,Winter,1/28/2010,42,20
1/29/2010,17,Winter,1/29/2010,23,16
1/30/2010,15,Winter,1/30/2010,20,13
1/31/2010,8,Winter,1/31/2010,30,14
2/1/2010,20,Winter,2/1/2010,35,25
2/2/2010,18,Winter,2/2/2010,33,27
2/3/2010,15,Winter,2/3/2010,39,29
2/4/2010,13,Winter,2/4/2010,37,28
2/5/2010,27,Winter,2/5/2010,36,29
2/6/2010,9,Winter,2/6/2010,33,20
2/7/2010,11,Winter,2/7/2010,34,17
2/8/2010,18,Winter,2/8/2010,37,23
2/9/2010,22,Winter,2/9/2010,42,28
2/10/2010,13,Winter,2/10/2010,34,30
2/11/2010,15,Winter,2/11/2010,37,28
2/12/2010,15,Winter,2/12/2010,37,26
2/13/2010,8,Winter,2/13/2010,32,24
2/14/2010,9,Winter,2/14/2010,39,28
2/15/2010,10,Winter,2/15/2010,40,27
2/16/2010,17,Winter,2/16/2010,33,29
2/17/2010,18,Winter,2/17/2010,35,26
2/18/2010,19,Winter,2/18/2010,40,32
2/19/2010,16,Winter,2/19/2010,43,35
2/20/2010,9,Winter,2/20/2010,44,35
2/21/2010,10,Winter,2/21/2010,46,33
2/22/2010,24,Winter,2/22/2010,45,29
2/23/2010,13,Winter,2/23/2010,38,35
2/24/2010,25,Winter,2/24/2010,42,36
2/25/2010,23,Winter,2/25/2010,38,27
2/26/2010,11,Winter,2/26/2010,33,26
2/27/2010,7,Winter,2/27/2010,38,29
2/28/2010,10,Winter,2/28/2010,40,33
3/1/2010,26,Winter,3/1/2010,48,36
3/2/2010,17,Winter,3/2/2010,47,36
3/3/2010,21,Winter,3/3/2010,41,34
3/4/2010,25,Winter,3/4/2010,47,35
3/5/2010,28,Winter,3/5/2010,49,34
3/6/2010,10,Winter,3/6/2010,54,32
3/7/2010,13,Winter,3/7/2010,57,37
3/8/2010,31,Winter,3/8/2010,61,41
3/9/2010,20,Winter,3/9/2010,61,44
3/10/2010,29,Winter,3/10/2010,57,44
3/11/2010,37,Winter,3/11/2010,53,42
3/12/2010,18,Winter,3/12/2010,43,39
3/13/2010,13,Winter,3/13/2010,46,38
3/14/2010,14,Winter,3/14/2010,50,43
3/15/2010,36,Winter,3/15/2010,46,41
3/16/2010,23,Winter,3/16/2010,63,41
3/17/2010,36,Winter,3/17/2010,66,43
3/18/2010,31,Winter,3/18/2010,69,50
3/19/2010,38,Winter,3/19/2010,72,49
3/20/2010,26,Spring,3/20/2010,74,54
3/21/2010,19,Spring,3/21/2010,64,51
3/22/2010,40,Spring,3/22/2010,57,50
3/23/2010,48,Spring,3/23/2010,53,45
3/24/2010,49,Spring,3/24/2010,60,43
3/25/2010,34,Spring,3/25/2010,62,48
3/26/2010,33,Spring,3/26/2010,52,34
3/27/2010,15,Spring,3/27/2010,44,29
3/28/2010,17,Spring,3/28/2010,49,36
3/29/2010,25,Spring,3/29/2010,53,48
3/30/2010,31,Spring,3/30/2010,50,41
3/31/2010,28,Spring,3/31/2010,57,45
4/1/2010,34,Spring,4/1/2010,70,48
4/2/2010,26,Spring,4/2/2010,68,48
4/3/2010,14,Spring,4/3/2010,67,47
4/4/2010,18,Spring,4/4/2010,76,47
4/5/2010,44,Spring,4/5/2010,75,56
4/6/2010,32,Spring,4/6/2010,78,58
4/7/2010,36,Spring,4/7/2010,92,56
4/8/2010,39,Spring,4/8/2010,80,64
4/9/2010,31,Spring,4/9/2010,68,44
4/10/2010,15,Spring,4/10/2010,62,42
4/11/2010,19,Spring,4/11/2010,76,52
4/12/2010,48,Spring,4/12/2010,67,52
4/13/2010,41,Spring,4/13/2010,56,47
4/14/2010,45,Spring,4/14/2010,67,45
4/15/2010,28,Spring,4/15/2010,73,50
4/16/2010,23,Spring,4/16/2010,57,46
4/17/2010,22,Spring,4/17/2010,54,46
4/18/2010,12,Spring,4/18/2010,57,42
4/19/2010,47,Spring,4/19/2010,63,46
4/20/2010,36,Spring,4/20/2010,70,47
4/21/2010,54,Spring,4/21/2010,69,53
4/22/2010,29,Spring,4/22/2010,72,51
4/23/2010,36,Spring,4/23/2010,68,44
4/24/2010,18,Spring,4/24/2010,68,46
4/25/2010,11,Spring,4/25/2010,52,46
4/26/2010,36,Spring,4/26/2010,53,48
4/27/2010,35,Spring,4/27/2010,58,41
4/28/2010,30,Spring,4/28/2010,56,40
4/29/2010,27,Spring,4/29/2010,69,45
4/30/2010,26,Spring,4/30/2010,78,56
5/1/2010,15,Spring,5/1/2010,85,64
5/2/2010,18,Spring,5/2/2010,88,66
5/3/2010,50,Spring,5/3/2010,80,67
5/4/2010,39,Spring,5/4/2010,81,62
5/5/2010,49,Spring,5/5/2010,80,58
5/6/2010,40,Spring,5/6/2010,78,59
5/7/2010,27,Spring,5/7/2010,73,52
5/8/2010,19,Spring,5/8/2010,76,49
5/9/2010,16,Spring,5/9/2010,52,44
5/10/2010,38,Spring,5/10/2010,61,41
5/11/2010,47,Spring,5/11/2010,56,43
5/12/2010,31,Spring,5/12/2010,48,44
5/13/2010,34,Spring,5/13/2010,67,43
5/14/2010,27,Spring,5/14/2010,80,55
5/15/2010,24,Spring,5/15/2010,73,60
5/16/2010,22,Spring,5/16/2010,72,54
5/17/2010,63,Spring,5/17/2010,74,55
5/18/2010,46,Spring,5/18/2010,62,50
5/19/2010,50,Spring,5/19/2010,64,50
5/20/2010,44,Spring,5/20/2010,79,55
5/21/2010,34,Spring,5/21/2010,85,61
5/22/2010,30,Spring,5/22/2010,74,57
5/23/2010,27,Spring,5/23/2010,71,58
5/24/2010,52,Spring,5/24/2010,73,60
5/25/2010,66,Spring,5/25/2010,82,61
5/26/2010,40,Spring,5/26/2010,92,65
5/27/2010,42,Spring,5/27/2010,83,55
5/28/2010,35,Spring,5/28/2010,70,56
5/29/2010,18,Spring,5/29/2010,77,61
5/30/2010,10,Spring,5/30/2010,84,67
5/31/2010,13,Spring,5/31/2010,86,69
6/1/2010,50,Spring,6/1/2010,85,66
6/2/2010,32,Spring,6/2/2010,87,67
6/3/2010,33,Spring,6/3/2010,87,67
6/4/2010,37,Spring,6/4/2010,88,72
6/5/2010,26,Spring,6/5/2010,88,76
6/6/2010,24,Spring,6/6/2010,89,61
6/7/2010,49,Spring,6/7/2010,75,57
6/8/2010,52,Spring,6/8/2010,75,58
6/9/2010,33,Spring,6/9/2010,68,57
6/10/2010,39,Spring,6/10/2010,74,58
6/11/2010,41,Spring,6/11/2010,71,58
6/12/2010,15,Spring,6/12/2010,79,61
6/13/2010,18,Spring,6/13/2010,78,65
6/14/2010,63,Spring,6/14/2010,79,64
6/15/2010,53,Spring,6/15/2010,81,64
6/16/2010,48,Spring,6/16/2010,75,64
6/17/2010,46,Spring,6/17/2010,74,65
6/18/2010,36,Spring,6/18/2010,86,60
6/19/2010,22,Spring,6/19/2010,81,64
6/20/2010,15,Spring,6/20/2010,89,71
6/21/2010,40,Summer,6/21/2010,87,71
6/22/2010,59,Summer,6/22/2010,87,71
6/23/2010,46,Summer,6/23/2010,89,71
6/24/2010,39,Summer,6/24/2010,91,79
6/25/2010,34,Summer,6/25/2010,87,71
6/26/2010,30,Summer,6/26/2010,89,71
6/27/2010,32,Summer,6/27/2010,91,71
6/28/2010,52,Summer,6/28/2010,93,76
6/29/2010,50,Summer,6/29/2010,91,70
6/30/2010,47,Summer,6/30/2010,79,62
7/1/2010,42,Summer,7/1/2010,77,62
7/2/2010,36,Summer,7/2/2010,82,61
7/3/2010,19,Summer,7/3/2010,89,65
7/4/2010,13,Summer,7/4/2010,96,73
7/5/2010,19,Summer,7/5/2010,99,76
7/6/2010,44,Summer,7/6/2010,103,81
7/7/2010,49,Summer,7/7/2010,100,80
7/8/2010,68,Summer,7/8/2010,89,77
7/9/2010,50,Summer,7/9/2010,90,75
7/10/2010,24,Summer,7/10/2010,83,73
7/11/2010,28,Summer,7/11/2010,93,71
7/12/2010,58,Summer,7/12/2010,94,73
7/13/2010,55,Summer,7/13/2010,83,73
7/14/2010,49,Summer,7/14/2010,79,73
7/15/2010,51,Summer,7/15/2010,87,72
7/16/2010,49,Summer,7/16/2010,93,74
7/17/2010,27,Summer,7/17/2010,94,76
7/18/2010,27,Summer,7/18/2010,94,78
7/19/2010,64,Summer,7/19/2010,92,72
7/20/2010,47,Summer,7/20/2010,89,74
7/21/2010,61,Summer,7/21/2010,93,76
7/22/2010,45,Summer,7/22/2010,90,74
7/23/2010,34,Summer,7/23/2010,87,73
7/24/2010,30,Summer,7/24/2010,97,80
7/25/2010,21,Summer,7/25/2010,93,70
7/26/2010,46,Summer,7/26/2010,87,68
7/27/2010,57,Summer,7/27/2010,91,70
7/28/2010,65,Summer,7/28/2010,89,74
7/29/2010,46,Summer,7/29/2010,89,74
7/30/2010,49,Summer,7/30/2010,85,66
7/31/2010,16,Summer,7/31/2010,85,66
8/1/2010,21,Summer,8/1/2010,80,70
8/2/2010,67,Summer,8/2/2010,85,69
8/3/2010,44,Summer,8/3/2010,86,72
8/4/2010,50,Summer,8/4/2010,91,75
8/5/2010,41,Summer,8/5/2010,95,77
8/6/2010,46,Summer,8/6/2010,90,70
8/7/2010,20,Summer,8/7/2010,87,68
8/8/2010,29,Summer,8/8/2010,89,73
8/9/2010,54,Summer,8/9/2010,94,74
8/10/2010,57,Summer,8/10/2010,92,78
8/11/2010,51,Summer,8/11/2010,93,76
8/12/2010,44,Summer,8/12/2010,76,68
8/13/2010,44,Summer,8/13/2010,82,68
8/14/2010,25,Summer,8/14/2010,82,65
8/15/2010,21,Summer,8/15/2010,77,67
8/16/2010,50,Summer,8/16/2010,86,69
8/17/2010,67,Summer,8/17/2010,91,74
8/18/2010,58,Summer,8/18/2010,86,72
8/19/2010,49,Summer,8/19/2010,91,68
8/20/2010,63,Summer,8/20/2010,90,73
8/21/2010,30,Summer,8/21/2010,85,66
8/22/2010,19,Summer,8/22/2010,80,69
8/23/2010,46,Summer,8/23/2010,70,65
8/24/2010,42,Summer,8/24/2010,70,64
8/25/2010,42,Summer,8/25/2010,69,64
8/26/2010,45,Summer,8/26/2010,82,65
8/27/2010,42,Summer,8/27/2010,79,61
8/28/2010,27,Summer,8/28/2010,83,62
8/29/2010,23,Summer,8/29/2010,94,67
8/30/2010,59,Summer,8/30/2010,92,72
8/31/2010,45,Summer,8/31/2010,96,76
9/1/2010,38,Summer,9/1/2010,96,76
9/2/2010,59,Summer,9/2/2010,94,78
9/3/2010,34,Summer,9/3/2010,85,75
9/4/2010,9,Summer,9/4/2010,81,64
9/5/2010,14,Summer,9/5/2010,78,61
9/6/2010,22,Summer,9/6/2010,80,60
9/7/2010,48,Summer,9/7/2010,89,68
9/8/2010,30,Summer,9/8/2010,90,66
9/9/2010,36,Summer,9/9/2010,70,61
9/10/2010,37,Summer,9/10/2010,74,61
9/11/2010,21,Summer,9/11/2010,79,59
9/12/2010,20,Summer,9/12/2010,67,59
9/13/2010,47,Summer,9/13/2010,77,59
9/14/2010,44,Summer,9/14/2010,76,60
9/15/2010,42,Summer,9/15/2010,72,57
9/16/2010,39,Summer,9/16/2010,72,57
9/17/2010,34,Summer,9/17/2010,71,59
9/18/2010,17,Summer,9/18/2010,70,58
9/19/2010,29,Summer,9/19/2010,81,61
9/20/2010,60,Summer,9/20/2010,74,59
9/21/2010,49,Summer,9/21/2010,74,54
9/22/2010,39,Summer,9/22/2010,87,64
9/23/2010,35,Fall,9/23/2010,81,66
9/24/2010,42,Fall,9/24/2010,85,67
9/25/2010,21,Fall,9/25/2010,89,67
9/26/2010,19,Fall,9/26/2010,72,63
9/27/2010,32,Fall,9/27/2010,72,61
9/28/2010,50,Fall,9/28/2010,73,70
9/29/2010,42,Fall,9/29/2010,78,63
9/30/2010,31,Fall,9/30/2010,75,69
10/1/2010,30,Fall,10/1/2010,74,59
10/2/2010,21,Fall,10/2/2010,66,52
10/3/2010,11,Fall,10/3/2010,64,50
10/4/2010,37,Fall,10/4/2010,55,52
10/5/2010,38,Fall,10/5/2010,61,53
10/6/2010,34,Fall,10/6/2010,64,54
10/7/2010,50,Fall,10/7/2010,71,53
10/8/2010,27,Fall,10/8/2010,73,54
10/9/2010,23,Fall,10/9/2010,72,54
10/10/2010,15,Fall,10/10/2010,69,46
10/11/2010,36,Fall,10/11/2010,75,57
10/12/2010,49,Fall,10/12/2010,69,54
10/13/2010,27,Fall,10/13/2010,64,48
10/14/2010,39,Fall,10/14/2010,63,50
10/15/2010,32,Fall,10/15/2010,57,49
10/16/2010,17,Fall,10/16/2010,58,50
10/17/2010,12,Fall,10/17/2010,69,48
10/18/2010,32,Fall,10/18/2010,60,50
10/19/2010,28,Fall,10/19/2010,59,47
10/20/2010,39,Fall,10/20/2010,59,47
10/21/2010,34,Fall,10/21/2010,62,49
10/22/2010,31,Fall,10/22/2010,53,46
10/23/2010,12,Fall,10/23/2010,64,44
10/24/2010,17,Fall,10/24/2010,68,53
10/25/2010,46,Fall,10/25/2010,74,54
10/26/2010,40,Fall,10/26/2010,72,63
10/27/2010,23,Fall,10/27/2010,75,65
10/28/2010,32,Fall,10/28/2010,74,56
10/29/2010,22,Fall,10/29/2010,57,47
10/30/2010,9,Fall,10/30/2010,57,42
10/31/2010,12,Fall,10/31/2010,58,42
11/1/2010,24,Fall,11/1/2010,49,37
11/2/2010,20,Fall,11/2/2010,50,36
11/3/2010,26,Fall,11/3/2010,54,41
11/4/2010,24,Fall,11/4/2010,51,47
11/5/2010,22,Fall,11/5/2010,52,45
11/6/2010,19,Fall,11/6/2010,51,40
11/7/2010,8,Fall,11/7/2010,51,36
11/8/2010,30,Fall,11/8/2010,45,40
11/9/2010,25,Fall,11/9/2010,54,41
11/10/2010,21,Fall,11/10/2010,56,46
11/11/2010,15,Fall,11/11/2010,56,42
11/12/2010,26,Fall,11/12/2010,62,45
11/13/2010,16,Fall,11/13/2010,64,46
11/14/2010,15,Fall,11/14/2010,61,46
11/15/2010,35,Fall,11/15/2010,57,50
11/16/2010,19,Fall,11/16/2010,59,52
11/17/2010,26,Fall,11/17/2010,60,51
11/18/2010,27,Fall,11/18/2010,55,45
11/19/2010,25,Fall,11/19/2010,48,40
11/20/2010,20,Fall,11/20/2010,55,41
11/21/2010,14,Fall,11/21/2010,48,39
11/22/2010,31,Fall,11/22/2010,65,45
11/23/2010,28,Fall,11/23/2010,61,50
11/24/2010,22,Fall,11/24/2010,50,41
11/25/2010,5,Fall,11/25/2010,46,39
11/26/2010,12,Fall,11/26/2010,53,38
11/27/2010,17,Fall,11/27/2010,42,34
11/28/2010,17,Fall,11/28/2010,47,34
11/29/2010,38,Fall,11/29/2010,48,35
11/30/2010,24,Fall,11/30/2010,57,44
12/1/2010,18,Fall,12/1/2010,60,40
12/2/2010,21,Fall,12/2/2010,42,34
12/3/2010,24,Fall,12/3/2010,40,33
12/4/2010,3,Fall,12/4/2010,40,32
12/5/2010,12,Fall,12/5/2010,35,30
12/6/2010,32,Fall,12/6/2010,35,30
12/7/2010,20,Fall,12/7/2010,36,30
12/8/2010,19,Fall,12/8/2010,34,27
12/9/2010,14,Fall,12/9/2010,30,23
12/10/2010,10,Fall,12/10/2010,38,22
12/11/2010,12,Fall,12/11/2010,46,34
12/12/2010,10,Fall,12/12/2010,56,40
12/13/2010,29,Fall,12/13/2010,49,21
12/14/2010,16,Fall,12/14/2010,23,19
12/15/2010,21,Fall,12/15/2010,27,20
12/16/2010,20,Fall,12/16/2010,30,23
12/17/2010,9,Fall,12/17/2010,36,23
12/18/2010,7,Fall,12/18/2010,36,28
12/19/2010,9,Fall,12/19/2010,37,30
12/20/2010,17,Fall,12/20/2010,37,25
12/21/2010,16,Fall,12/21/2010,38,28
12/22/2010,23,Winter,12/22/2010,38,28
12/23/2010,13,Winter,12/23/2010,35,30
12/24/2010,5,Winter,12/24/2010,40,29
12/25/2010,5,Winter,12/25/2010,32,25
12/26/2010,4,Winter,12/26/2010,30,21
12/27/2010,2,Winter,12/27/2010,28,20
12/28/2010,6,Winter,12/28/2010,38,24
12/29/2010,12,Winter,12/29/2010,37,31
12/30/2010,15,Winter,12/30/2010,40,28
12/31/2010,11,Winter,12/31/2010,45,36
1/1/2011,6,Winter,1/1/2011,53,40
1/2/2011,12,Winter,1/2/2011,52,35
1/3/2011,22,Winter,1/3/2011,36,28
1/4/2011,20,Winter,1/4/2011,39,32
1/5/2011,18,Winter,1/5/2011,39,29
1/6/2011,21,Winter,1/6/2011,33,26
1/7/2011,16,Winter,1/7/2011,33,25
1/8/2011,9,Winter,1/8/2011,31,23
1/9/2011,6,Winter,1/9/2011,32,26
1/10/2011,14,Winter,1/10/2011,35,24
1/11/2011,20,Winter,1/11/2011,31,23
1/12/2011,14,Winter,1/12/2011,31,24
1/13/2011,9,Winter,1/13/2011,30,18
1/14/2011,11,Winter,1/14/2011,30,18
1/15/2011,14,Winter,1/15/2011,38,23
1/16/2011,11,Winter,1/16/2011,37,26
1/17/2011,14,Winter,1/17/2011,27,19
1/18/2011,24,Winter,1/18/2011,41,24
1/19/2011,28,Winter,1/19/2011,41,35
1/20/2011,26,Winter,1/20/2011,35,30
1/21/2011,18,Winter,1/21/2011,32,18
1/22/2011,11,Winter,1/22/2011,24,13
1/23/2011,7,Winter,1/23/2011,24,11
1/24/2011,17,Winter,1/24/2011,24,6
1/25/2011,22,Winter,1/25/2011,37,24
1/26/2011,19,Winter,1/26/2011,35,30
1/27/2011,13,Winter,1/27/2011,36,29
1/28/2011,13,Winter,1/28/2011,34,28
1/29/2011,5,Winter,1/29/2011,36,29
1/30/2011,9,Winter,1/30/2011,39,27
1/31/2011,10,Winter,1/31/2011,31,22
2/1/2011,16,Winter,2/1/2011,30,25
2/2/2011,11,Winter,2/2/2011,38,27
2/3/2011,23,Winter,2/3/2011,34,24
2/4/2011,15,Winter,2/4/2011,34,23
2/5/2011,10,Winter,2/5/2011,43,31
2/6/2011,11,Winter,2/6/2011,45,37
2/7/2011,24,Winter,2/7/2011,45,36
2/8/2011,20,Winter,2/8/2011,41,18
2/9/2011,26,Winter,2/9/2011,29,15
2/10/2011,20,Winter,2/10/2011,29,22
2/11/2011,14,Winter,2/11/2011,37,19
2/12/2011,10,Winter,2/12/2011,40,30
2/13/2011,15,Winter,2/13/2011,46,28
2/14/2011,31,Winter,2/14/2011,58,37
2/15/2011,26,Winter,2/15/2011,37,25
2/16/2011,28,Winter,2/16/2011,48,26
2/17/2011,33,Winter,2/17/2011,63,46
2/18/2011,28,Winter,2/18/2011,67,46
2/19/2011,18,Winter,2/19/2011,54,23
2/20/2011,12,Winter,2/20/2011,40,21
2/21/2011,11,Winter,2/21/2011,37,24
2/22/2011,26,Winter,2/22/2011,36,16
2/23/2011,23,Winter,2/23/2011,40,21
2/24/2011,29,Winter,2/24/2011,44,30
2/25/2011,22,Winter,2/25/2011,57,34
2/26/2011,12,Winter,2/26/2011,43,31
2/27/2011,18,Winter,2/27/2011,50,38
2/28/2011,31,Winter,2/28/2011,60,40
3/1/2011,32,Winter,3/1/2011,46,33
3/2/2011,28,Winter,3/2/2011,53,25
3/3/2011,26,Winter,3/3/2011,33,20
3/4/2011,20,Winter,3/4/2011,41,27
3/5/2011,12,Winter,3/5/2011,61,41
3/6/2011,16,Winter,3/6/2011,54,50
3/7/2011,40,Winter,3/7/2011,53,34
3/8/2011,27,Winter,3/8/2011,48,29
3/9/2011,34,Winter,3/9/2011,45,34
3/10/2011,21,Winter,3/10/2011,53,38
3/11/2011,34,Winter,3/11/2011,55,40
3/12/2011,18,Winter,3/12/2011,56,38
3/13/2011,18,Winter,3/13/2011,53,41
3/14/2011,31,Winter,3/14/2011,45,37
3/15/2011,30,Winter,3/15/2011,47,34
3/16/2011,36,Winter,3/16/2011,57,38
3/17/2011,22,Winter,3/17/2011,65,44
3/18/2011,28,Winter,3/18/2011,77,51
3/19/2011,15,Winter,3/19/2011,59,38
3/20/2011,14,Spring,3/20/2011,51,34
3/21/2011,49,Spring,3/21/2011,45,36
3/22/2011,41,Spring,3/22/2011,50,40
3/23/2011,30,Spring,3/23/2011,40,32
3/24/2011,37,Spring,3/24/2011,44,30
3/25/2011,28,Spring,3/25/2011,42,28
3/26/2011,14,Spring,3/26/2011,40,26
3/27/2011,15,Spring,3/27/2011,45,28
3/28/2011,23,Spring,3/28/2011,45,26
3/29/2011,21,Spring,3/29/2011,49,31
3/30/2011,33,Spring,3/30/2011,53,36
3/31/2011,32,Spring,3/31/2011,43,37
4/1/2011,39,Spring,4/1/2011,44,35
4/2/2011,18,Spring,4/2/2011,55,38
4/3/2011,13,Spring,4/3/2011,58,42
4/4/2011,40,Spring,4/4/2011,63,43
4/5/2011,34,Spring,4/5/2011,67,41
4/6/2011,48,Spring,4/6/2011,55,38
4/7/2011,41,Spring,4/7/2011,52,42
4/8/2011,31,Spring,4/8/2011,49,42
4/9/2011,19,Spring,4/9/2011,58,40
4/10/2011,21,Spring,4/10/2011,56,46
4/11/2011,45,Spring,4/11/2011,81,50
4/12/2011,39,Spring,4/12/2011,72,45
4/13/2011,26,Spring,4/13/2011,50,43
4/14/2011,41,Spring,4/14/2011,69,48
4/15/2011,29,Spring,4/15/2011,56,41
4/16/2011,9,Spring,4/16/2011,55,41
4/17/2011,17,Spring,4/17/2011,61,50
4/18/2011,47,Spring,4/18/2011,63,47
4/19/2011,36,Spring,4/19/2011,53,47
4/20/2011,37,Spring,4/20/2011,65,45
4/21/2011,22,Spring,4/21/2011,63,43
4/22/2011,29,Spring,4/22/2011,51,40
4/23/2011,19,Spring,4/23/2011,61,43
4/24/2011,13,Spring,4/24/2011,80,54
4/25/2011,49,Spring,4/25/2011,75,56
4/26/2011,58,Spring,4/26/2011,83,54
4/27/2011,49,Spring,4/27/2011,75,61
4/28/2011,50,Spring,4/28/2011,72,61
4/29/2011,33,Spring,4/29/2011,69,54
4/30/2011,25,Spring,4/30/2011,67,50
5/1/2011,18,Spring,5/1/2011,69,50
5/2/2011,47,Spring,5/2/2011,63,50
5/3/2011,39,Spring,5/3/2011,75,55
5/4/2011,40,Spring,5/4/2011,64,46
5/5/2011,32,Spring,5/5/2011,65,46
5/6/2011,33,Spring,5/6/2011,72,50
5/7/2011,20,Spring,5/7/2011,72,55
5/8/2011,11,Spring,5/8/2011,74,52
5/9/2011,54,Spring,5/9/2011,71,54
5/10/2011,52,Spring,5/10/2011,75,53
5/11/2011,45,Spring,5/11/2011,71,52
5/12/2011,38,Spring,5/12/2011,74,52
5/13/2011,26,Spring,5/13/2011,67,52
5/14/2011,27,Spring,5/14/2011,64,57
5/15/2011,12,Spring,5/15/2011,69,58
5/16/2011,40,Spring,5/16/2011,62,53
5/17/2011,37,Spring,5/17/2011,60,52
5/18/2011,32,Spring,5/18/2011,67,54
5/19/2011,29,Spring,5/19/2011,75,60
5/20/2011,52,Spring,5/20/2011,64,57
5/21/2011,31,Spring,5/21/2011,78,55
5/22/2011,20,Spring,5/22/2011,58,54
5/23/2011,54,Spring,5/23/2011,67,55
5/24/2011,60,Spring,5/24/2011,81,66
5/25/2011,58,Spring,5/25/2011,84,65
5/26/2011,52,Spring,5/26/2011,78,64
5/27/2011,43,Spring,5/27/2011,83,65
5/28/2011,16,Spring,5/28/2011,84,67
5/29/2011,23,Spring,5/29/2011,82,67
5/30/2011,17,Spring,5/30/2011,86,70
5/31/2011,68,Spring,5/31/2011,89,69
6/1/2011,58,Spring,6/1/2011,90,69
6/2/2011,32,Spring,6/2/2011,80,62
6/3/2011,25,Spring,6/3/2011,76,57
6/4/2011,15,Spring,6/4/2011,75,59
6/5/2011,12,Spring,6/5/2011,70,56
6/6/2011,56,Spring,6/6/2011,81,60
6/7/2011,29,Spring,6/7/2011,87,66
6/8/2011,42,Spring,6/8/2011,94,73
6/9/2011,39,Spring,6/9/2011,95,69
6/10/2011,38,Spring,6/10/2011,87,70
6/11/2011,12,Spring,6/11/2011,72,60
6/12/2011,29,Spring,6/12/2011,74,58
6/13/2011,77,Spring,6/13/2011,73,60
6/14/2011,65,Spring,6/14/2011,72,58
6/15/2011,47,Spring,6/15/2011,83,56
6/16/2011,38,Spring,6/16/2011,84,62
6/17/2011,35,Spring,6/17/2011,76,64
6/18/2011,35,Spring,6/18/2011,83,64
6/19/2011,29,Spring,6/19/2011,83,69
6/20/2011,67,Spring,6/20/2011,81,67
6/21/2011,46,Summer,6/21/2011,82,70
6/22/2011,47,Summer,6/22/2011,80,71
6/23/2011,47,Summer,6/23/2011,71,66
6/24/2011,48,Summer,6/24/2011,70,65
6/25/2011,48,Summer,6/25/2011,80,64
6/26/2011,19,Summer,6/26/2011,79,66
6/27/2011,67,Summer,6/27/2011,82,66
6/28/2011,59,Summer,6/28/2011,83,72
6/29/2011,46,Summer,6/29/2011,82,69
6/30/2011,43,Summer,6/30/2011,82,65
7/1/2011,33,Summer,7/1/2011,83,63
7/2/2011,19,Summer,7/2/2011,86,68
7/3/2011,12,Summer,7/3/2011,74,69
7/4/2011,16,Summer,7/4/2011,86,70
7/5/2011,46,Summer,7/5/2011,87,70
7/6/2011,56,Summer,7/6/2011,89,73
7/7/2011,43,Summer,7/7/2011,92,74
7/8/2011,37,Summer,7/8/2011,85,68
7/9/2011,29,Summer,7/9/2011,88,67
7/10/2011,21,Summer,7/10/2011,86,68
7/11/2011,41,Summer,7/11/2011,91,74
7/12/2011,54,Summer,7/12/2011,93,78
7/13/2011,50,Summer,7/13/2011,86,69
7/14/2011,36,Summer,7/14/2011,84,64
7/15/2011,46,Summer,7/15/2011,87,66
7/16/2011,17,Summer,7/16/2011,90,70
7/17/2011,19,Summer,7/17/2011,91,72
7/18/2011,42,Summer,7/18/2011,95,75
7/19/2011,46,Summer,7/19/2011,94,75
7/20/2011,33,Summer,7/20/2011,89,75
7/21/2011,29,Summer,7/21/2011,97,75
7/22/2011,24,Summer,7/22/2011,104,84
7/23/2011,15,Summer,7/23/2011,100,83
7/24/2011,17,Summer,7/24/2011,91,78
7/25/2011,55,Summer,7/25/2011,80,68
7/26/2011,53,Summer,7/26/2011,90,69
7/27/2011,39,Summer,7/27/2011,84,68
7/28/2011,44,Summer,7/28/2011,87,71
7/29/2011,33,Summer,7/29/2011,84,71
7/30/2011,18,Summer,7/30/2011,91,74
7/31/2011,18,Summer,7/31/2011,91,71
8/1/2011,44,Summer,8/1/2011,94,71
8/2/2011,59,Summer,8/2/2011,91,73
8/3/2011,39,Summer,8/3/2011,88,67
8/4/2011,44,Summer,8/4/2011,84,67
8/5/2011,40,Summer,8/5/2011,86,70
8/6/2011,29,Summer,8/6/2011,85,72
8/7/2011,19,Summer,8/7/2011,89,73
8/8/2011,48,Summer,8/8/2011,90,74
8/9/2011,48,Summer,8/9/2011,83,71
8/10/2011,45,Summer,8/10/2011,86,70
8/11/2011,43,Summer,8/11/2011,82,69
8/12/2011,44,Summer,8/12/2011,84,64
8/13/2011,23,Summer,8/13/2011,85,69
8/14/2011,12,Summer,8/14/2011,72,67
8/15/2011,47,Summer,8/15/2011,77,68
8/16/2011,61,Summer,8/16/2011,78,65
8/17/2011,55,Summer,8/17/2011,86,66
8/18/2011,41,Summer,8/18/2011,83,67
8/19/2011,39,Summer,8/19/2011,84,65
8/20/2011,23,Summer,8/20/2011,85,64
8/21/2011,16,Summer,8/21/2011,84,70
8/22/2011,47,Summer,8/22/2011,77,65
8/23/2011,44,Summer,8/23/2011,79,61
8/24/2011,46,Summer,8/24/2011,80,67
8/25/2011,40,Summer,8/25/2011,78,72
8/26/2011,19,Summer,8/26/2011,83,71
8/27/2011,2,Summer,8/27/2011,78,71
8/28/2011,8,Summer,8/28/2011,75,65
8/29/2011,25,Summer,8/29/2011,77,59
8/30/2011,45,Summer,8/30/2011,82,61
8/31/2011,36,Summer,8/31/2011,85,63
9/1/2011,41,Summer,9/1/2011,83,66
9/2/2011,38,Summer,9/2/2011,78,65
9/3/2011,24,Summer,9/3/2011,83,66
9/4/2011,18,Summer,9/4/2011,86,72
9/5/2011,27,Summer,9/5/2011,81,72
9/6/2011,46,Summer,9/6/2011,75,60
9/7/2011,28,Summer,9/7/2011,68,62
9/8/2011,38,Summer,9/8/2011,79,63
9/9/2011,32,Summer,9/9/2011,84,67
9/10/2011,26,Summer,9/10/2011,80,68
9/11/2011,20,Summer,9/11/2011,71,64
9/12/2011,42,Summer,9/12/2011,80,66
9/13/2011,48,Summer,9/13/2011,82,67
9/14/2011,35,Summer,9/14/2011,85,70
9/15/2011,40,Summer,9/15/2011,76,53
9/16/2011,33,Summer,9/16/2011,65,51
9/17/2011,21,Summer,9/17/2011,65,53
9/18/2011,12,Summer,9/18/2011,68,53
9/19/2011,52,Summer,9/19/2011,68,52
9/20/2011,49,Summer,9/20/2011,68,61
9/21/2011,48,Summer,9/21/2011,73,63
9/22/2011,53,Summer,9/22/2011,80,68
9/23/2011,32,Fall,9/23/2011,73,69
9/24/2011,29,Fall,9/24/2011,76,70
9/25/2011,19,Fall,9/25/2011,80,70
9/26/2011,43,Fall,9/26/2011,80,68
9/27/2011,57,Fall,9/27/2011,77,69
9/28/2011,43,Fall,9/28/2011,74,68
9/29/2011,49,Fall,9/29/2011,73,61
9/30/2011,41,Fall,9/30/2011,76,58
10/1/2011,17,Fall,10/1/2011,67,50
10/2/2011,14,Fall,10/2/2011,64,50
10/3/2011,45,Fall,10/3/2011,58,48
10/4/2011,51,Fall,10/4/2011,63,49
10/5/2011,42,Fall,10/5/2011,71,53
10/6/2011,31,Fall,10/6/2011,67,47
10/7/2011,37,Fall,10/7/2011,66,48
10/8/2011,20,Fall,10/8/2011,77,54
10/9/2011,10,Fall,10/9/2011,84,60
10/10/2011,24,Fall,10/10/2011,81,61
10/11/2011,36,Fall,10/11/2011,73,62
10/12/2011,38,Fall,10/12/2011,63,58
10/13/2011,38,Fall,10/13/2011,66,58
10/14/2011,19,Fall,10/14/2011,70,57
10/15/2011,13,Fall,10/15/2011,65,54
10/16/2011,12,Fall,10/16/2011,66,54
10/17/2011,39,Fall,10/17/2011,65,57
10/18/2011,30,Fall,10/18/2011,68,54
10/19/2011,36,Fall,10/19/2011,62,60
10/20/2011,32,Fall,10/20/2011,67,54
10/21/2011,25,Fall,10/21/2011,56,50
10/22/2011,15,Fall,10/22/2011,60,47
10/23/2011,14,Fall,10/23/2011,59,50
10/24/2011,39,Fall,10/24/2011,61,50
10/25/2011,32,Fall,10/25/2011,62,50
10/26/2011,27,Fall,10/26/2011,62,51
10/27/2011,20,Fall,10/27/2011,61,38
10/28/2011,21,Fall,10/28/2011,49,36
10/29/2011,8,Fall,10/29/2011,45,33
10/30/2011,17,Fall,10/30/2011,46,33
10/31/2011,33,Fall,10/31/2011,53,37
11/1/2011,28,Fall,11/1/2011,55,45
11/2/2011,32,Fall,11/2/2011,57,42
11/3/2011,20,Fall,11/3/2011,59,46
11/4/2011,23,Fall,11/4/2011,53,41
11/5/2011,13,Fall,11/5/2011,49,36
11/6/2011,9,Fall,11/6/2011,54,38
11/7/2011,26,Fall,11/7/2011,62,45
11/8/2011,20,Fall,11/8/2011,68,53
11/9/2011,34,Fall,11/9/2011,65,51
11/10/2011,30,Fall,11/10/2011,67,47
11/11/2011,27,Fall,11/11/2011,48,41
11/12/2011,11,Fall,11/12/2011,57,39
11/13/2011,13,Fall,11/13/2011,61,47
11/14/2011,31,Fall,11/14/2011,69,54
11/15/2011,23,Fall,11/15/2011,65,58
11/16/2011,24,Fall,11/16/2011,59,53
11/17/2011,27,Fall,11/17/2011,53,40
11/18/2011,17,Fall,11/18/2011,46,36
11/19/2011,7,Fall,11/19/2011,51,38
11/20/2011,10,Fall,11/20/2011,65,49
11/21/2011,18,Fall,11/21/2011,59,46
11/22/2011,21,Fall,11/22/2011,50,43
11/23/2011,24,Fall,11/23/2011,53,39
11/24/2011,2,Fall,11/24/2011,54,37
11/25/2011,11,Fall,11/25/2011,61,46
11/26/2011,14,Fall,11/26/2011,65,50
11/27/2011,12,Fall,11/27/2011,63,47
11/28/2011,19,Fall,11/28/2011,70,56
11/29/2011,32,Fall,11/29/2011,66,51
11/30/2011,17,Fall,11/30/2011,52,43
12/1/2011,19,Fall,12/1/2011,50,37
12/2/2011,26,Fall,12/2/2011,52,39
12/3/2011,13,Fall,12/3/2011,47,37
12/4/2011,17,Fall,12/4/2011,55,42
12/5/2011,31,Fall,12/5/2011,59,47
12/6/2011,20,Fall,12/6/2011,62,56
12/7/2011,24,Fall,12/7/2011,62,42
12/8/2011,22,Fall,12/8/2011,45,36
12/9/2011,20,Fall,12/9/2011,52,36
12/10/2011,6,Fall,12/10/2011,46,32
12/11/2011,16,Fall,12/11/2011,39,29
12/12/2011,23,Fall,12/12/2011,44,33
12/13/2011,16,Fall,12/13/2011,47,32
12/14/2011,26,Fall,12/14/2011,50,36
12/15/2011,31,Fall,12/15/2011,59,47
12/16/2011,15,Fall,12/16/2011,59,41
12/17/2011,12,Fall,12/17/2011,42,31
12/18/2011,11,Fall,12/18/2011,31,22
12/19/2011,25,Fall,12/19/2011,47,28
12/20/2011,23,Fall,12/20/2011,48,41
12/21/2011,18,Winter,12/21/2011,62,42
12/22/2011,17,Winter,12/22/2011,58,48
12/23/2011,14,Winter,12/23/2011,49,35
12/24/2011,4,Winter,12/24/2011,36,29
12/25/2011,3,Winter,12/25/2011,46,31
12/26/2011,13,Winter,12/26/2011,45,38
12/27/2011,24,Winter,12/27/2011,57,38
12/28/2011,26,Winter,12/28/2011,50,31
12/29/2011,27,Winter,12/29/2011,38,24
12/30/2011,15,Winter,12/30/2011,51,37
12/31/2011,11,Winter,12/31/2011,54,46
1/1/2012,9,Winter,1/1/2012,52,41
1/2/2012,20,Winter,1/2/2012,50,33
1/3/2012,18,Winter,1/3/2012,33,15
1/4/2012,18,Winter,1/4/2012,27,13
1/5/2012,28,Winter,1/5/2012,40,27
1/6/2012,21,Winter,1/6/2012,53,35
1/7/2012,16,Winter,1/7/2012,62,46
1/8/2012,10,Winter,1/8/2012,46,33
1/9/2012,28,Winter,1/9/2012,41,31
1/10/2012,16,Winter,1/10/2012,47,33
1/11/2012,29,Winter,1/11/2012,48,37
1/12/2012,35,Winter,1/12/2012,45,41
1/13/2012,24,Winter,1/13/2012,50,28
1/14/2012,12,Winter,1/14/2012,32,27
1/15/2012,10,Winter,1/15/2012,27,15
1/16/2012,8,Winter,1/16/2012,37,15
1/17/2012,31,Winter,1/17/2012,53,36
1/18/2012,31,Winter,1/18/2012,54,24
1/19/2012,27,Winter,1/19/2012,37,20
1/20/2012,23,Winter,1/20/2012,36,24
1/21/2012,9,Winter,1/21/2012,29,22
1/22/2012,16,Winter,1/22/2012,34,18
1/23/2012,25,Winter,1/23/2012,53,34
1/24/2012,37,Winter,1/24/2012,53,42
1/25/2012,32,Winter,1/25/2012,44,36
1/26/2012,24,Winter,1/26/2012,40,33
1/27/2012,28,Winter,1/27/2012,59,40
1/28/2012,18,Winter,1/28/2012,44,37
1/29/2012,12,Winter,1/29/2012,,
1/30/2012,31,Winter,1/30/2012,,
1/31/2012,23,Winter,1/31/2012,55,54
2/1/2012,29,Winter,2/1/2012,62,48
2/2/2012,24,Winter,2/2/2012,50,35
2/3/2012,23,Winter,2/3/2012,44,30
2/4/2012,21,Winter,2/4/2012,46,35
2/5/2012,8,Winter,2/5/2012,40,32
2/6/2012,21,Winter,2/6/2012,51,33
2/7/2012,21,Winter,2/7/2012,49,38
2/8/2012,29,Winter,2/8/2012,38,31
2/9/2012,18,Winter,2/9/2012,46,31
2/10/2012,18,Winter,2/10/2012,45,34
2/11/2012,24,Winter,2/11/2012,38,32
2/12/2012,8,Winter,2/12/2012,32,20
2/13/2012,13,Winter,2/13/2012,44,28
2/14/2012,20,Winter,2/14/2012,47,36
2/15/2012,25,Winter,2/15/2012,46,39
2/16/2012,21,Winter,2/16/2012,44,36
2/17/2012,30,Winter,2/17/2012,50,41
2/18/2012,10,Winter,2/18/2012,48,35
2/19/2012,13,Winter,2/19/2012,44,35
2/20/2012,11,Winter,2/20/2012,46,31
2/21/2012,32,Winter,2/21/2012,46,32
2/22/2012,29,Winter,2/22/2012,57,43
2/23/2012,20,Winter,2/23/2012,58,46
2/24/2012,20,Winter,2/24/2012,46,36
2/25/2012,15,Winter,2/25/2012,45,33
2/26/2012,12,Winter,2/26/2012,45,29
2/27/2012,28,Winter,2/27/2012,59,36
2/28/2012,18,Winter,2/28/2012,50,40
2/29/2012,18,Winter,2/29/2012,42,38
3/1/2012,27,Winter,3/1/2012,41,37
3/2/2012,15,Winter,3/2/2012,42,33
3/3/2012,18,Winter,3/3/2012,56,42
3/4/2012,16,Winter,3/4/2012,45,36
3/5/2012,30,Winter,3/5/2012,44,28
3/6/2012,27,Winter,3/6/2012,44,25
3/7/2012,25,Winter,3/7/2012,62,37
3/8/2012,24,Winter,3/8/2012,71,53
3/9/2012,28,Winter,3/9/2012,64,37
3/10/2012,7,Winter,3/10/2012,43,29
3/11/2012,6,Winter,3/11/2012,61,36
3/12/2012,43,Winter,3/12/2012,71,47
3/13/2012,33,Winter,3/13/2012,74,54
3/14/2012,41,Winter,3/14/2012,70,50
3/15/2012,32,Winter,3/15/2012,52,43
3/16/2012,21,Winter,3/16/2012,51,43
3/17/2012,26,Winter,3/17/2012,62,45
3/18/2012,18,Winter,3/18/2012,64,46
3/19/2012,40,Winter,3/19/2012,74,55
3/20/2012,34,Spring,3/20/2012,73,55
3/21/2012,32,Spring,3/21/2012,67,57
3/22/2012,30,Spring,3/22/2012,78,56
3/23/2012,34,Spring,3/23/2012,76,58
3/24/2012,18,Spring,3/24/2012,65,57
3/25/2012,18,Spring,3/25/2012,52,45
3/26/2012,27,Spring,3/26/2012,54,34
3/27/2012,28,Spring,3/27/2012,51,30
3/28/2012,30,Spring,3/28/2012,67,44
3/29/2012,28,Spring,3/29/2012,61,43
3/30/2012,19,Spring,3/30/2012,57,40
3/31/2012,15,Spring,3/31/2012,43,38
4/1/2012,29,Spring,4/1/2012,52,42
4/2/2012,33,Spring,4/2/2012,57,40
4/3/2012,30,Spring,4/3/2012,64,40
4/4/2012,24,Spring,4/4/2012,68,47
4/5/2012,28,Spring,4/5/2012,58,42
4/6/2012,19,Spring,4/6/2012,59,38
4/7/2012,10,Spring,4/7/2012,61,40
4/8/2012,7,Spring,4/8/2012,67,44
4/9/2012,20,Spring,4/9/2012,64,49
4/10/2012,35,Spring,4/10/2012,60,45
4/11/2012,25,Spring,4/11/2012,53,43
4/12/2012,29,Spring,4/12/2012,61,43
4/13/2012,30,Spring,4/13/2012,65,43
4/14/2012,12,Spring,4/14/2012,72,50
4/15/2012,21,Spring,4/15/2012,77,58
4/16/2012,33,Spring,4/16/2012,88,65
4/17/2012,23,Spring,4/17/2012,78,61
4/18/2012,39,Spring,4/18/2012,62,49
4/19/2012,32,Spring,4/19/2012,70,47
4/20/2012,14,Spring,4/20/2012,71,54
4/21/2012,19,Spring,4/21/2012,71,54
4/22/2012,9,Spring,4/22/2012,54,46
4/23/2012,34,Spring,4/23/2012,54,42
4/24/2012,42,Spring,4/24/2012,59,41
4/25/2012,37,Spring,4/25/2012,62,43
4/26/2012,47,Spring,4/26/2012,61,45
4/27/2012,38,Spring,4/27/2012,56,41
4/28/2012,15,Spring,4/28/2012,60,38
4/29/2012,17,Spring,4/29/2012,63,44
4/30/2012,47,Spring,4/30/2012,62,43
5/1/2012,28,Spring,5/1/2012,68,51
5/2/2012,27,Spring,5/2/2012,53,50
5/3/2012,40,Spring,5/3/2012,58,50
5/4/2012,27,Spring,5/4/2012,73,54
5/5/2012,19,Spring,5/5/2012,63,56
5/6/2012,18,Spring,5/6/2012,65,53
5/7/2012,46,Spring,5/7/2012,65,52
5/8/2012,38,Spring,5/8/2012,66,55
5/9/2012,46,Spring,5/9/2012,69,57
5/10/2012,36,Spring,5/10/2012,64,52
5/11/2012,41,Spring,5/11/2012,68,49
5/12/2012,13,Spring,5/12/2012,78,53
5/13/2012,14,Spring,5/13/2012,81,63
5/14/2012,62,Spring,5/14/2012,70,63
5/15/2012,48,Spring,5/15/2012,65,61
5/16/2012,42,Spring,5/16/2012,78,61
5/17/2012,45,Spring,5/17/2012,72,53
5/18/2012,33,Spring,5/18/2012,72,54
5/19/2012,24,Spring,5/19/2012,80,53
5/20/2012,17,Spring,5/20/2012,78,57
5/21/2012,37,Spring,5/21/2012,62,57
5/22/2012,50,Spring,5/22/2012,70,60
5/23/2012,56,Spring,5/23/2012,75,64
5/24/2012,44,Spring,5/24/2012,66,62
5/25/2012,44,Spring,5/25/2012,75,60
5/26/2012,26,Spring,5/26/2012,84,67
5/27/2012,14,Spring,5/27/2012,81,64
5/28/2012,21,Spring,5/28/2012,89,71
5/29/2012,54,Spring,5/29/2012,89,68
5/30/2012,63,Spring,5/30/2012,76,68
5/31/2012,70,Spring,5/31/2012,79,66
6/1/2012,52,Spring,6/1/2012,74,62
6/2/2012,15,Spring,6/2/2012,75,61
6/3/2012,0,Spring,6/3/2012,76,58
6/4/2012,71,Spring,6/4/2012,63,54
6/5/2012,48,Spring,6/5/2012,64,51
6/6/2012,35,Spring,6/6/2012,72,54
6/7/2012,42,Spring,6/7/2012,78,58
6/8/2012,41,Spring,6/8/2012,81,60
6/9/2012,23,Spring,6/9/2012,78,64
6/10/2012,24,Spring,6/10/2012,84,66
6/11/2012,61,Spring,6/11/2012,77,64
6/12/2012,48,Spring,6/12/2012,72,65
6/13/2012,42,Spring,6/13/2012,69,64
6/14/2012,51,Spring,6/14/2012,77,62
6/15/2012,46,Spring,6/15/2012,80,60
6/16/2012,17,Spring,6/16/2012,80,60
6/17/2012,20,Spring,6/17/2012,73,58
6/18/2012,39,Spring,6/18/2012,72,57
6/19/2012,42,Spring,6/19/2012,77,63
6/20/2012,42,Summer,6/20/2012,94,70
6/21/2012,33,Summer,6/21/2012,94,79
6/22/2012,34,Summer,6/22/2012,90,70
6/23/2012,27,Summer,6/23/2012,84,69
6/24/2012,26,Summer,6/24/2012,84,66
6/25/2012,46,Summer,6/25/2012,74,62
6/26/2012,30,Summer,6/26/2012,72,58
6/27/2012,26,Summer,6/27/2012,81,72
6/28/2012,43,Summer,6/28/2012,88,68
6/29/2012,25,Summer,6/29/2012,93,68
6/30/2012,27,Summer,6/30/2012,93,77
7/1/2012,25,Summer,7/1/2012,94,74
7/2/2012,58,Summer,7/2/2012,88,72
7/3/2012,37,Summer,7/3/2012,89,71
7/4/2012,19,Summer,7/4/2012,92,70
7/5/2012,36,Summer,7/5/2012,95,77
7/6/2012,40,Summer,7/6/2012,93,72
7/7/2012,21,Summer,7/7/2012,97,72
7/8/2012,28,Summer,7/8/2012,92,72
7/9/2012,35,Summer,7/9/2012,86,73
7/10/2012,62,Summer,7/10/2012,87,69
7/11/2012,48,Summer,7/11/2012,85,71
7/12/2012,53,Summer,7/12/2012,89,70
7/13/2012,50,Summer,7/13/2012,89,74
7/14/2012,28,Summer,7/14/2012,85,73
7/15/2012,27,Summer,7/15/2012,89,71
7/16/2012,55,Summer,7/16/2012,91,70
7/17/2012,29,Summer,7/17/2012,96,74
7/18/2012,42,Summer,7/18/2012,100,73
7/19/2012,45,Summer,7/19/2012,76,68
7/20/2012,25,Summer,7/20/2012,72,61
7/21/2012,28,Summer,7/21/2012,78,61
7/22/2012,32,Summer,7/22/2012,83,65
7/23/2012,54,Summer,7/23/2012,86,71
7/24/2012,41,Summer,7/24/2012,91,74
7/25/2012,55,Summer,7/25/2012,85,67
7/26/2012,29,Summer,7/26/2012,88,68
7/27/2012,30,Summer,7/27/2012,87,71
7/28/2012,19,Summer,7/28/2012,81,68
7/29/2012,21,Summer,7/29/2012,80,68
7/30/2012,55,Summer,7/30/2012,81,68
7/31/2012,50,Summer,7/31/2012,80,70
8/1/2012,34,Summer,8/1/2012,78,70
8/2/2012,30,Summer,8/2/2012,87,70
8/3/2012,47,Summer,8/3/2012,89,75
8/4/2012,22,Summer,8/4/2012,90,75
8/5/2012,23,Summer,8/5/2012,91,73
8/6/2012,52,Summer,8/6/2012,86,72
8/7/2012,41,Summer,8/7/2012,83,68
8/8/2012,37,Summer,8/8/2012,86,73
8/9/2012,50,Summer,8/9/2012,88,73
8/10/2012,38,Summer,8/10/2012,80,70
8/11/2012,25,Summer,8/11/2012,87,75
8/12/2012,21,Summer,8/12/2012,87,73
8/13/2012,47,Summer,8/13/2012,86,69
8/14/2012,59,Summer,8/14/2012,79,72
8/15/2012,48,Summer,8/15/2012,82,67
8/16/2012,49,Summer,8/16/2012,85,66
8/17/2012,45,Summer,8/17/2012,88,65
8/18/2012,31,Summer,8/18/2012,79,63
8/19/2012,26,Summer,8/19/2012,74,62
8/20/2012,51,Summer,8/20/2012,78,65
8/21/2012,63,Summer,8/21/2012,82,66
8/22/2012,53,Summer,8/22/2012,82,68
8/23/2012,50,Summer,8/23/2012,85,69
8/24/2012,55,Summer,8/24/2012,87,69
8/25/2012,26,Summer,8/25/2012,86,70
8/26/2012,19,Summer,8/26/2012,84,68
8/27/2012,31,Summer,8/27/2012,81,70
8/28/2012,34,Summer,8/28/2012,87,73
8/29/2012,34,Summer,8/29/2012,79,67
8/30/2012,38,Summer,8/30/2012,82,61
8/31/2012,29,Summer,8/31/2012,91,69
9/1/2012,21,Summer,9/1/2012,91,74
9/2/2012,10,Summer,9/2/2012,82,71
9/3/2012,26,Summer,9/3/2012,79,71
9/4/2012,41,Summer,9/4/2012,80,70
9/5/2012,31,Summer,9/5/2012,80,71
9/6/2012,46,Summer,9/6/2012,80,69
9/7/2012,35,Summer,9/7/2012,87,71
9/8/2012,23,Summer,9/8/2012,81,63
9/9/2012,38,Summer,9/9/2012,78,63
9/10/2012,48,Summer,9/10/2012,72,58
9/11/2012,36,Summer,9/11/2012,73,54
9/12/2012,52,Summer,9/12/2012,80,59
9/13/2012,49,Summer,9/13/2012,81,63
9/14/2012,36,Summer,9/14/2012,80,64
9/15/2012,21,Summer,9/15/2012,73,60
9/16/2012,18,Summer,9/16/2012,75,56
9/17/2012,50,Summer,9/17/2012,78,57
9/18/2012,40,Summer,9/18/2012,75,67
9/19/2012,29,Summer,9/19/2012,70,57
9/20/2012,39,Summer,9/20/2012,69,54
9/21/2012,42,Summer,9/21/2012,75,60
9/22/2012,22,Fall,9/22/2012,76,60
9/23/2012,26,Fall,9/23/2012,68,55
9/24/2012,42,Fall,9/24/2012,67,53
9/25/2012,32,Fall,9/25/2012,72,54
9/26/2012,39,Fall,9/26/2012,77,63
9/27/2012,55,Fall,9/27/2012,75,63
9/28/2012,32,Fall,9/28/2012,69,60
9/29/2012,20,Fall,9/29/2012,65,57
9/30/2012,18,Fall,9/30/2012,68,55
10/1/2012,49,Fall,10/1/2012,70,52
10/2/2012,32,Fall,10/2/2012,69,62
10/3/2012,50,Fall,10/3/2012,73,63
10/4/2012,38,Fall,10/4/2012,74,66
10/5/2012,43,Fall,10/5/2012,78,61
10/6/2012,31,Fall,10/6/2012,77,54
10/7/2012,18,Fall,10/7/2012,54,46
10/8/2012,34,Fall,10/8/2012,55,44
10/9/2012,38,Fall,10/9/2012,58,50
10/10/2012,39,Fall,10/10/2012,66,53
10/11/2012,28,Fall,10/11/2012,59,47
10/12/2012,28,Fall,10/12/2012,56,42
10/13/2012,19,Fall,10/13/2012,53,38
10/14/2012,21,Fall,10/14/2012,70,53
10/15/2012,38,Fall,10/15/2012,71,59
10/16/2012,38,Fall,10/16/2012,59,48
10/17/2012,38,Fall,10/17/2012,61,44
10/18/2012,35,Fall,10/18/2012,65,50
10/19/2012,27,Fall,10/19/2012,66,61
10/20/2012,22,Fall,10/20/2012,69,54
10/21/2012,23,Fall,10/21/2012,65,49
10/22/2012,28,Fall,10/22/2012,66,49
10/23/2012,41,Fall,10/23/2012,65,54
10/24/2012,38,Fall,10/24/2012,59,56
10/25/2012,40,Fall,10/25/2012,62,55
10/26/2012,26,Fall,10/26/2012,65,57
10/27/2012,13,Fall,10/27/2012,65,59
10/28/2012,11,Fall,10/28/2012,59,55
10/29/2012,4,Fall,10/29/2012,62,52
10/30/2012,4,Fall,10/30/2012,54,47
10/31/2012,5,Fall,10/31/2012,50,44
11/1/2012,9,Fall,11/1/2012,51,43
11/2/2012,14,Fall,11/2/2012,53,42
11/3/2012,17,Fall,11/3/2012,51,40
11/4/2012,10,Fall,11/4/2012,51,39
11/5/2012,17,Fall,11/5/2012,45,35
11/6/2012,19,Fall,11/6/2012,42,31
11/7/2012,11,Fall,11/7/2012,41,31
11/8/2012,9,Fall,11/8/2012,48,32
11/9/2012,23,Fall,11/9/2012,53,36
11/10/2012,11,Fall,11/10/2012,55,42
11/11/2012,13,Fall,11/11/2012,64,50
11/12/2012,35,Fall,11/12/2012,66,48
11/13/2012,30,Fall,11/13/2012,62,40
11/14/2012,34,Fall,11/14/2012,47,37
11/15/2012,25,Fall,11/15/2012,45,35
11/16/2012,11,Fall,11/16/2012,46,38
11/17/2012,18,Fall,11/17/2012,51,39
11/18/2012,14,Fall,11/18/2012,49,38
11/19/2012,21,Fall,11/19/2012,47,37
11/20/2012,27,Fall,11/20/2012,51,40
11/21/2012,16,Fall,11/21/2012,53,40
11/22/2012,14,Fall,11/22/2012,54,41
11/23/2012,25,Fall,11/23/2012,56,43
11/24/2012,18,Fall,11/24/2012,50,35
11/25/2012,14,Fall,11/25/2012,40,33
11/26/2012,23,Fall,11/26/2012,48,36
11/27/2012,23,Fall,11/27/2012,42,34
11/28/2012,21,Fall,11/28/2012,41,34
11/29/2012,20,Fall,11/29/2012,43,34
11/30/2012,26,Fall,11/30/2012,46,38
12/1/2012,23,Fall,12/1/2012,41,36
12/2/2012,19,Fall,12/2/2012,52,41
12/3/2012,30,Fall,12/3/2012,60,49
12/4/2012,30,Fall,12/4/2012,62,47
12/5/2012,29,Fall,12/5/2012,58,35
12/6/2012,25,Fall,12/6/2012,40,29
12/7/2012,22,Fall,12/7/2012,46,35
12/8/2012,21,Fall,12/8/2012,50,44
12/9/2012,13,Fall,12/9/2012,50,42
12/10/2012,39,Fall,12/10/2012,59,44
12/11/2012,23,Fall,12/11/2012,58,41
12/12/2012,28,Fall,12/12/2012,43,36
12/13/2012,25,Fall,12/13/2012,46,36
12/14/2012,17,Fall,12/14/2012,48,37
12/15/2012,18,Fall,12/15/2012,47,38
12/16/2012,7,Fall,12/16/2012,47,42
12/17/2012,22,Fall,12/17/2012,43,40
12/18/2012,21,Fall,12/18/2012,54,43
12/19/2012,30,Fall,12/19/2012,47,39
12/20/2012,18,Fall,12/20/2012,47,35
12/21/2012,17,Fall,12/21/2012,56,36
12/22/2012,17,Winter,12/22/2012,38,36
12/23/2012,8,Winter,12/23/2012,42,35
12/24/2012,9,Winter,12/24/2012,40,33
12/25/2012,8,Winter,12/25/2012,41,32
12/26/2012,26,Winter,12/26/2012,39,28
12/27/2012,33,Winter,12/27/2012,39,30
12/28/2012,23,Winter,12/28/2012,37,30
12/29/2012,15,Winter,12/29/2012,34,30
12/30/2012,6,Winter,12/30/2012,34,28
12/31/2012,18,Winter,12/31/2012,38,28
1/1/2013,13,Winter,1/1/2013,40,26
1/2/2013,33,Winter,1/2/2013,33,22
1/3/2013,31,Winter,1/3/2013,32,24
1/4/2013,33,Winter,1/4/2013,37,30
1/5/2013,21,Winter,1/5/2013,42,32
1/6/2013,15,Winter,1/6/2013,46,34
1/7/2013,31,Winter,1/7/2013,45,37
1/8/2013,23,Winter,1/8/2013,48,35
1/9/2013,28,Winter,1/9/2013,49,39
1/10/2013,30,Winter,1/10/2013,47,40
1/11/2013,28,Winter,1/11/2013,46,37
1/12/2013,7,Winter,1/12/2013,47,42
1/13/2013,14,Winter,1/13/2013,50,43
1/14/2013,29,Winter,1/14/2013,56,38
1/15/2013,27,Winter,1/15/2013,38,35
1/16/2013,22,Winter,1/16/2013,37,32
1/17/2013,28,Winter,1/17/2013,43,35
1/18/2013,25,Winter,1/18/2013,35,25
1/19/2013,11,Winter,1/19/2013,51,30
1/20/2013,18,Winter,1/20/2013,53,30
1/21/2013,19,Winter,1/21/2013,32,26
1/22/2013,41,Winter,1/22/2013,27,13
1/23/2013,19,Winter,1/23/2013,20,11
1/24/2013,30,Winter,1/24/2013,22,12
1/25/2013,23,Winter,1/25/2013,24,13
1/26/2013,11,Winter,1/26/2013,27,15
1/27/2013,19,Winter,1/27/2013,34,19
1/28/2013,22,Winter,1/28/2013,36,29
1/29/2013,25,Winter,1/29/2013,49,36
1/30/2013,27,Winter,1/30/2013,59,39
1/31/2013,26,Winter,1/31/2013,61,30
2/1/2013,31,Winter,2/1/2013,31,24
2/2/2013,7,Winter,2/2/2013,29,19
2/3/2013,14,Winter,2/3/2013,30,24
2/4/2013,24,Winter,2/4/2013,30,23
2/5/2013,21,Winter,2/5/2013,32,28
2/6/2013,18,Winter,2/6/2013,39,29
2/7/2013,34,Winter,2/7/2013,32,26
2/8/2013,10,Winter,2/8/2013,34,27
2/9/2013,8,Winter,2/9/2013,32,21
2/10/2013,13,Winter,2/10/2013,36,18
2/11/2013,21,Winter,2/11/2013,45,34
2/12/2013,30,Winter,2/12/2013,44,36
2/13/2013,23,Winter,2/13/2013,44,33
2/14/2013,19,Winter,2/14/2013,46,33
2/15/2013,26,Winter,2/15/2013,55,37
2/16/2013,13,Winter,2/16/2013,41,31
2/17/2013,16,Winter,2/17/2013,32,18
2/18/2013,23,Winter,2/18/2013,35,17
2/19/2013,34,Winter,2/19/2013,49,33
2/20/2013,32,Winter,2/20/2013,38,25
2/21/2013,28,Winter,2/21/2013,34,24
2/22/2013,19,Winter,2/22/2013,38,25
2/23/2013,19,Winter,2/23/2013,42,36
2/24/2013,23,Winter,2/24/2013,47,34
2/25/2013,35,Winter,2/25/2013,45,32
2/26/2013,33,Winter,2/26/2013,44,35
2/27/2013,26,Winter,2/27/2013,47,36
2/28/2013,40,Winter,2/28/2013,51,39
3/1/2013,31,Winter,3/1/2013,45,36
3/2/2013,13,Winter,3/2/2013,40,31
3/3/2013,15,Winter,3/3/2013,40,29
3/4/2013,39,Winter,3/4/2013,42,27
3/5/2013,28,Winter,3/5/2013,49,31
3/6/2013,31,Winter,3/6/2013,42,38
3/7/2013,24,Winter,3/7/2013,38,33
3/8/2013,16,Winter,3/8/2013,42,31
3/9/2013,13,Winter,3/9/2013,55,35
3/10/2013,27,Winter,3/10/2013,50,36
3/11/2013,41,Winter,3/11/2013,54,40
3/12/2013,36,Winter,3/12/2013,57,43
3/13/2013,36,Winter,3/13/2013,52,38
3/14/2013,30,Winter,3/14/2013,41,29
3/15/2013,41,Winter,3/15/2013,47,30
3/16/2013,24,Winter,3/16/2013,41,32
3/17/2013,16,Winter,3/17/2013,38,29
3/18/2013,32,Winter,3/18/2013,35,28
3/19/2013,40,Winter,3/19/2013,43,33
3/20/2013,35,Spring,3/20/2013,45,32
3/21/2013,25,Spring,3/21/2013,40,30
3/22/2013,21,Spring,3/22/2013,41,28
3/23/2013,21,Spring,3/23/2013,46,32
3/24/2013,13,Spring,3/24/2013,47,33
3/25/2013,27,Spring,3/25/2013,40,36
3/26/2013,33,Spring,3/26/2013,53,37
3/27/2013,28,Spring,3/27/2013,53,36
3/28/2013,31,Spring,3/28/2013,51,37
3/29/2013,26,Spring,3/29/2013,55,40
3/30/2013,23,Spring,3/30/2013,59,40
3/31/2013,22,Spring,3/31/2013,54,44
4/1/2013,30,Spring,4/1/2013,62,37
4/2/2013,40,Spring,4/2/2013,43,33
4/3/2013,30,Spring,4/3/2013,46,33
4/4/2013,24,Spring,4/4/2013,53,33
4/5/2013,38,Spring,4/5/2013,64,41
4/6/2013,17,Spring,4/6/2013,52,35
4/7/2013,12,Spring,4/7/2013,55,40
4/8/2013,59,Spring,4/8/2013,73,51
4/9/2013,39,Spring,4/9/2013,82,51
4/10/2013,39,Spring,4/10/2013,74,55
4/11/2013,34,Spring,4/11/2013,60,47
4/12/2013,34,Spring,4/12/2013,47,41
4/13/2013,35,Spring,4/13/2013,58,41
4/14/2013,18,Spring,4/14/2013,57,46
4/15/2013,52,Spring,4/15/2013,59,44
4/16/2013,38,Spring,4/16/2013,63,47
4/17/2013,36,Spring,4/17/2013,71,55
4/18/2013,35,Spring,4/18/2013,59,51
4/19/2013,36,Spring,4/19/2013,71,55
4/20/2013,17,Spring,4/20/2013,60,43
4/21/2013,28,Spring,4/21/2013,55,37
4/22/2013,45,Spring,4/22/2013,55,41
4/23/2013,25,Spring,4/23/2013,53,41
4/24/2013,43,Spring,4/24/2013,69,44
4/25/2013,41,Spring,4/25/2013,66,46
4/26/2013,27,Spring,4/26/2013,67,50
4/27/2013,17,Spring,4/27/2013,71,48
4/28/2013,16,Spring,4/28/2013,69,51
4/29/2013,42,Spring,4/29/2013,57,52
4/30/2013,54,Spring,4/30/2013,68,51
5/1/2013,35,Spring,5/1/2013,69,47
5/2/2013,55,Spring,5/2/2013,72,49
5/3/2013,44,Spring,5/3/2013,66,49
5/4/2013,18,Spring,5/4/2013,69,48
5/5/2013,18,Spring,5/5/2013,64,46
5/6/2013,43,Spring,5/6/2013,69,46
5/7/2013,40,Spring,5/7/2013,74,52
5/8/2013,45,Spring,5/8/2013,63,55
5/9/2013,60,Spring,5/9/2013,68,54
5/10/2013,44,Spring,5/10/2013,79,59
5/11/2013,20,Spring,5/11/2013,70,61
5/12/2013,26,Spring,5/12/2013,70,51
5/13/2013,48,Spring,5/13/2013,58,45
5/14/2013,39,Spring,5/14/2013,61,42
5/15/2013,40,Spring,5/15/2013,69,54
5/16/2013,50,Spring,5/16/2013,79,62
5/17/2013,48,Spring,5/17/2013,72,58
5/18/2013,31,Spring,5/18/2013,65,56
5/19/2013,13,Spring,5/19/2013,59,55
5/20/2013,6,Spring,5/20/2013,79,58
5/21/2013,53,Spring,5/21/2013,86,68
5/22/2013,42,Spring,5/22/2013,78,59
5/23/2013,46,Spring,5/23/2013,80,64
5/24/2013,33,Spring,5/24/2013,65,45
5/25/2013,14,Spring,5/25/2013,54,45
5/26/2013,20,Spring,5/26/2013,66,48
5/27/2013,20,Spring,5/27/2013,73,51
5/28/2013,43,Spring,5/28/2013,68,56
5/29/2013,40,Spring,5/29/2013,82,58
5/30/2013,38,Spring,5/30/2013,90,72
5/31/2013,44,Spring,5/31/2013,90,75
6/1/2013,27,Spring,6/1/2013,90,73
6/2/2013,33,Spring,6/2/2013,88,69
6/3/2013,43,Spring,6/3/2013,78,66
6/4/2013,57,Spring,6/4/2013,75,57
6/5/2013,49,Spring,6/5/2013,74,58
6/6/2013,51,Spring,6/6/2013,70,59
6/7/2013,27,Spring,6/7/2013,63,59
6/8/2013,29,Spring,6/8/2013,77,57
6/9/2013,29,Spring,6/9/2013,80,63
6/10/2013,37,Spring,6/10/2013,70,62
6/11/2013,46,Spring,6/11/2013,80,64
6/12/2013,43,Spring,6/12/2013,76,65
6/13/2013,38,Spring,6/13/2013,69,55
6/14/2013,35,Spring,6/14/2013,72,53
6/15/2013,25,Spring,6/15/2013,80,61
6/16/2013,16,Spring,6/16/2013,80,65
6/17/2013,50,Spring,6/17/2013,84,69
6/18/2013,49,Spring,6/18/2013,84,64
6/19/2013,51,Spring,6/19/2013,77,59
6/20/2013,45,Spring,6/20/2013,80,62
6/21/2013,49,Summer,6/21/2013,82,64
6/22/2013,20,Summer,6/22/2013,84,65
6/23/2013,15,Summer,6/23/2013,88,70
6/24/2013,53,Summer,6/24/2013,92,74
6/25/2013,59,Summer,6/25/2013,91,73
6/26/2013,56,Summer,6/26/2013,85,74
6/27/2013,36,Summer,6/27/2013,86,73
6/28/2013,33,Summer,6/28/2013,85,73
6/29/2013,11,Summer,6/29/2013,83,71
6/30/2013,25,Summer,6/30/2013,86,73
7/1/2013,59,Summer,7/1/2013,77,72
7/2/2013,55,Summer,7/2/2013,82,72
7/3/2013,51,Summer,7/3/2013,83,73
7/4/2013,17,Summer,7/4/2013,87,75
7/5/2013,32,Summer,7/5/2013,90,76
7/6/2013,21,Summer,7/6/2013,92,78
7/7/2013,36,Summer,7/7/2013,92,78
7/8/2013,55,Summer,7/8/2013,89,73
7/9/2013,47,Summer,7/9/2013,88,74
7/10/2013,56,Summer,7/10/2013,85,75
7/11/2013,37,Summer,7/11/2013,84,76
7/12/2013,36,Summer,7/12/2013,77,68
7/13/2013,22,Summer,7/13/2013,81,67
7/14/2013,23,Summer,7/14/2013,90,74
7/15/2013,66,Summer,7/15/2013,94,78
7/16/2013,46,Summer,7/16/2013,94,77
7/17/2013,42,Summer,7/17/2013,97,79
7/18/2013,41,Summer,7/18/2013,98,81
7/19/2013,28,Summer,7/19/2013,96,83
7/20/2013,14,Summer,7/20/2013,93,81
7/21/2013,25,Summer,7/21/2013,89,76
7/22/2013,42,Summer,7/22/2013,86,75
7/23/2013,45,Summer,7/23/2013,87,73
7/24/2013,10,Summer,7/24/2013,83,68
7/25/2013,35,Summer,7/25/2013,68,64
7/26/2013,59,Summer,7/26/2013,83,65
7/27/2013,18,Summer,7/27/2013,82,70
7/28/2013,20,Summer,7/28/2013,78,70
7/29/2013,54,Summer,7/29/2013,85,69
7/30/2013,57,Summer,7/30/2013,83,67